de370d5d-adc2-410b-a6f0-f803f21e550f|Academia e Esportes|f|gasto_fixo|52c7f83b-0ab8-42c8-b76e-7f6575150b48|Saúde e Bem-estar|0
54951ce0-ca33-4747-94ab-86eac0c58736|Açai|f|gasto_variavel|||0
e38040a8-0d09-49b1-bbfd-dbc3ce66bd36|Administração|f|despesa|||2
0fff276d-2889-4e6c-8dcb-2e889d6895ed|Advocacia Leila|f|gasto_variavel|||0
d2425dfd-f484-40f3-baea-90f56c04fe70|Água e esgoto|f|gasto_variavel|18268d6a-9b1b-4142-8185-cc0736fd4bc0|Despesas fixas|3
1c0a364e-19d1-491c-b8f9-8ccd6e41d92c|Água e Esgoto|f|gasto_variavel|0c00f48a-b394-4edc-b260-ab92d9df2465|Habitação|0
6511099c-5c29-464f-987d-33e17d48afcf|Alimentaação henrique|f|gasto_variavel|||0
8e326cfa-9507-4591-9531-f065770c3623|alimentação|f|despesa|||0
4e453541-98a0-4bc5-bc62-2cee0b871101|Alimentação|f|gasto_variavel|||0
7f4959df-c833-4502-a057-fad7685378fc|Alimentação Ana|f|gasto_variavel|||0
e4ac7f24-ab2f-443f-b9cd-ed09a84e277f|Alimentação ana e erick|f|gasto_variavel|||0
3c25e113-4a0d-4bc5-bb1e-286ac5fbec63|Alimentação Henrique|f|gasto_fixo|||0
340c2581-6768-4ee0-a098-ac4af4e780bc|Aluguel|f|gasto_fixo|0c00f48a-b394-4edc-b260-ab92d9df2465|Habitação|0
7b042b85-2f97-42c7-a076-6fb06bbca707|Apae|f|gasto_variavel|||0
70004834-f28e-49c0-9a0b-6dd47a53411c|Aquisição de imóveis|f|gasto_variavel|b0a9ea30-4966-454d-817a-35e9db1b220a|Investimentos|14
4fffcf92-cdee-47ca-8bb2-3c7a97c055cf|assistência|f|despesa|||0
b9fcf961-661d-44fd-9ec6-002890729432|Automóveis|f|despesa|||0
5729b34b-5b05-4b5f-8448-8a206d896fde|BMB materiais de construção (casa 26)|f|gasto_variavel|||0
185f211f-14bd-4c8e-a63c-745fae0378fb|Carro|f|gasto_variavel|||0
eec46a83-1de4-446c-84cb-433d53397473|Carro Agenor|f|despesa|||0
00b0f549-42ac-427e-95cb-2e5e02bad9ca|Cartório / registro|f|gasto_variavel|cbb13e22-c696-4234-9e17-38fdfc304a77|Despesas administrativas|1
4ce13420-9574-4710-9c6f-2d80461bef07|Cartório/Registro|f|gasto_variavel|cbb13e22-c696-4234-9e17-38fdfc304a77|Despesas administrativas|5
d39eaab4-9659-467f-a26a-0d5dd99d7e93|Cartório/Registro|f|gasto_variavel|||0
04e3b8b3-635d-4fa6-8af9-c93237560a24|Casa 25|f|gasto_variavel|||0
8cff46b0-2ae5-47f1-b3cb-b8ef7fc682c0|Casa 25 - Cota Condominial|f|gasto_variavel|||0
f390a7a6-a806-4dfd-ac4d-1b988b2feebb|Casa 26|f|investimento|||0
e3f2bf2c-f721-4993-844f-85e531c3a639|Casa 26 - Cota Condominial|f|gasto_variavel|||0
9f586872-24b6-471d-9327-70667dd5010e|Cirurgia Leila|f|gasto_variavel|||0
653523fc-89a3-4c87-9aee-a8cfc2b2f956|Combustível|f|gasto_variavel|b71b015f-4ef3-4f4a-be70-e60d3da88755|Transporte|0
7112320f-0a1d-444a-a3e0-1f5d8e834ec6|Combustível|f|gasto_variavel|||0
a094a695-14b8-46a5-a18b-22f6cdeb70ea|Comer fora|f|gasto_variavel|||0
2e672714-8156-4a07-84f2-2fed4535b053|Comida/Bebidas|f|gasto_variavel|||0
c609b3b4-d2d5-4ddd-890f-54f163efe01c|Compras|f|gasto_variavel|||0
b19ca4b4-8dda-47bb-b218-f468e7a0dd6b|COND CASA 25|f|gasto_fixo|||0
bdeab207-2e0f-4940-8a4e-89cd0cf45387|Cond Casa 26|f|gasto_fixo|||0
b490f1c3-843e-4510-a230-142214079b6d|Cond Sala comercial|f|gasto_fixo|7501014c-fd8f-485d-a7f1-cb71545413cc|Sala comercial leila|0
20b77991-7551-4e51-abc2-81fc141b5fb6|Condomínio|f|gasto_fixo|0c00f48a-b394-4edc-b260-ab92d9df2465|Habitação|0
e571f049-5e1b-44e8-8f0c-8e4a85006a63|Condomínio|f|gasto_variavel|18268d6a-9b1b-4142-8185-cc0736fd4bc0|Despesas fixas|4
5c819a6f-3993-4a70-9856-f68c49b89620|Consórcio|f|gasto_variavel|||3
cdc06d7e-3843-47fd-99e2-b341c9a66724|Consórcio embracon|f|investimento|||1
2550a0ec-f78a-4678-bee2-26c848760629|Consultas e Exames|f|gasto_variavel|52c7f83b-0ab8-42c8-b76e-7f6575150b48|Saúde e Bem-estar|0
38e50e68-7178-4b95-9ddb-b47ac91c27ce|Contabilidade|f|gasto_variavel|||1
46b10bfd-e4ba-48ef-aa96-1c0663cc22c0|Contas CRÍS|f|gasto_variavel|||0
92b1ba9c-aac8-49e9-8dd6-e76dd39a25af|Convênio médico|f|gasto_fixo|||0
77cb29c3-4142-410a-b821-98889117f3b2|Correios e Sedex|f|gasto_variavel|cbb13e22-c696-4234-9e17-38fdfc304a77|Despesas administrativas|3
89f6c85b-ea73-4f77-ba79-7aee72227aff|cota|f|gasto_variavel|||0
4e1455fd-588a-48e8-8356-e84214ab206b|DARF|f|gasto_variavel|90c39798-bac3-4898-8842-61ed27b98263|Impostos|9
0840619d-82f0-4681-9493-2fc639f9d001|Delivery (Ifood/UberEats)|f|gasto_variavel|4e453541-98a0-4bc5-bc62-2cee0b871101|Alimentação|0
cbb13e22-c696-4234-9e17-38fdfc304a77|Despesas administrativas|f|gasto_variavel|||0
bfb1f3cf-b648-4fcb-a173-117b57ceb318|Despesas com pessoal|f|gasto_variavel|||0
18268d6a-9b1b-4142-8185-cc0736fd4bc0|Despesas fixas|f|gasto_variavel|||0
26f31754-3379-4ac2-b8ce-dbb5561d5eb5|Despesas variáveis|f|gasto_variavel|||0
38aba356-ae77-4f2f-aeb6-b4fe54404d54|Desporto|f|gasto_variavel|||0
80d51eb2-fe3f-4279-a0a4-e91c23f01f53|Diarista|f|gasto_variavel|||0
921549d5-292c-428e-8dca-ac072a433bbf|Diego Luis da Silva|f|gasto_variavel|||0
84806b93-6850-49ff-b370-a26dde1ebda6|Doação|f|despesa|92d9598b-539e-42d7-9d4e-99f8f3608409|Imóvel Elci e Agenor|0
9ccff568-0d8a-4e46-9771-ff99a9ee7b4c|Documentos|f|despesa|||0
74d28cc1-673a-4344-a8b3-6b0e7320f3f3|Educação|f|gasto_variavel|||0
603339ed-9fb4-4cb5-b78c-0e899b46816e|Educação Ana e Erick|f|gasto_fixo|||0
85f11e0d-bc32-4f7c-8c62-e4c851136b02|Educação Henrique|f|gasto_fixo|||0
dfc26213-4dbd-4a8d-93b9-16020dccfeb0|Elcir e Agenor|f|investimento|||0
c69f2cab-0b92-47b9-bfa4-ada689838ca1|emprestimo primo|f|gasto_variavel|||0
058fed3f-0d1c-412a-9b12-5683b9fd2e32|Energia|f|gasto_fixo|||3
6aee78d7-6350-4bb8-a0bf-4b38d4415e19|Energia Casa 25|f|gasto_variavel|||0
a1dda0f1-3309-40a8-aa6a-bc29cdd7ec71|Energia Casa 26|f|gasto_variavel|||0
cfb1e231-0e67-4aeb-92d2-eda516d35ac2|Energia Elétrica|f|gasto_variavel|0c00f48a-b394-4edc-b260-ab92d9df2465|Habitação|0
3ae4963c-d497-46f5-a35f-fbabb7f606a2|Entretenimento|f|gasto_variavel|||0
88022a82-057c-4906-aa12-6ec6fc33fdea|Estacionamento|f|gasto_variavel|||0
1724d406-d5ec-4143-8471-541e97a20a9b|Estacionamento e Pedágio|f|gasto_variavel|b71b015f-4ef3-4f4a-be70-e60d3da88755|Transporte|0
c3360701-9d6b-43b0-93af-19f93065453f|Família|f|gasto_variavel|||0
42077083-3061-40a9-8b72-b88678ffb653|Farmácia|f|gasto_variavel|||0
fd45f997-9b75-437b-a800-873db5c667e5|Farmácia|f|gasto_variavel|52c7f83b-0ab8-42c8-b76e-7f6575150b48|Saúde e Bem-estar|0
56c92177-d0dd-463c-ad34-7910d2178529|Fatura de água|f|gasto_variavel|||0
556ee658-b379-409b-b2c7-9e24830f36b5|Gás|f|gasto_variavel|0c00f48a-b394-4edc-b260-ab92d9df2465|Habitação|0
8df37556-b66b-48ae-80cc-7f63c3f63906|Gás casa 25|f|gasto_variavel|||0
2b6c8fb4-21cf-4ab9-90af-4544f6a09a79|Gás casa 26|f|gasto_variavel|||0
f35bdf4c-6773-47e3-b123-bf3f35bc3972|Gasto com cartório não identificado|f|gasto_variavel|18268d6a-9b1b-4142-8185-cc0736fd4bc0|Despesas fixas|2
9523e955-b2ef-413d-b8d4-ef3e78a9739d|Gasto com cartório não identificado|f|gasto_variavel|cbb13e22-c696-4234-9e17-38fdfc304a77|Despesas administrativas|2
ac91a9a9-70fa-49b2-853a-28a2c35f3909|Gastos familiares|f|despesa|||1
08713a69-280b-4c56-b41c-ccf6673e4bb3|Gilberto Salão|f|gasto_variavel|||0
0c00f48a-b394-4edc-b260-ab92d9df2465|Habitação|f|gasto_variavel|||0
91c1b35d-e0a2-40ad-9d5b-d6fdf48189c3|Higiene e Beleza|f|gasto_variavel|52c7f83b-0ab8-42c8-b76e-7f6575150b48|Saúde e Bem-estar|0
38ed3e6c-20f3-4d97-9f6f-46eb07713025|Honorários contábeis|f|gasto_variavel|18268d6a-9b1b-4142-8185-cc0736fd4bc0|Despesas fixas|2
e15547ba-f4fe-41e1-b80f-49acfeb5b1d0|IFOOD|f|gasto_variavel|||0
b1838fb2-f263-4951-89f5-9108a0112114|Imóvel Elci e Agenor|f|investimento|92d9598b-539e-42d7-9d4e-99f8f3608409|Imóvel Elci e Agenor|0
9f407336-d265-45e0-888f-d10adcd1194b|Imóvel Manifesto|f|gasto_variavel|b0a9ea30-4966-454d-817a-35e9db1b220a|Investimentos|2
90c39798-bac3-4898-8842-61ed27b98263|Impostos|f|gasto_variavel|||0
df9e635f-ce17-429f-8ae2-05ae248af397|Impostos e taxas|f|gasto_variavel|90c39798-bac3-4898-8842-61ed27b98263|Impostos|1
42da29ea-edab-4ca9-92f2-d8c58bf95460|INTERNET|f|gasto_fixo|||0
b3690617-a648-4bf4-8b35-c55a04438043|Internet e TV|f|gasto_fixo|0c00f48a-b394-4edc-b260-ab92d9df2465|Habitação|0
15ca7d86-e7f0-4e83-b9b3-5057e0b6bea0|Internet/Telefone|f|gasto_variavel|||0
b0a9ea30-4966-454d-817a-35e9db1b220a|Investimentos|f|gasto_variavel|||0
a43b4354-de03-44b0-afff-b14e7a966bd7|IPTU|f|gasto_variavel|90c39798-bac3-4898-8842-61ed27b98263|Impostos|6
4cf82843-57e8-4c1d-9387-c0c03d6d20bf|IPVA e Licenciamento|f|gasto_fixo|b71b015f-4ef3-4f4a-be70-e60d3da88755|Transporte|0
6bf87151-b9af-4e28-9ddb-16c5fc97a2c5|José Souza Batista (pedreiro casa 26)|f|gasto_variavel|||0
71765b4e-0cad-4fd6-bf0d-255578fa65e1|Josias Gonçalves (marceneiro)|f|gasto_variavel|||0
5c6fe03b-cd46-4639-9a99-6b933e6b922b|KUMON inglês Ana e Erick|f|gasto_fixo|||0
b6d3ef53-a148-42ad-9428-d58400171e65|Lanailla - Cortina - casa 26|f|gasto_variavel|||0
283c34b5-b18f-4cb4-bb3b-f52784b38d62|Lanches e Cafés|f|gasto_variavel|4e453541-98a0-4bc5-bc62-2cee0b871101|Alimentação|0
894fc4f1-5e3c-499b-af45-866468b424d9|Lava rápido|f|despesa|||0
9a81f505-7d84-4ff7-a9a3-59fd36c57bde|Lavanderia|f|gasto_variavel|||0
debdfd8f-b169-4111-a758-3c12984344e8|Lazer/Entreterimento|f|despesa|||0
4168cdc6-fdf7-43a7-8fb7-9eaa21ba4eb7|Leandro Tetros (parcela imóvel casa 26)|f|gasto_variavel|||0
3c81fe7f-cbb7-4a67-a0cb-502f7e74976c|Limpeza e Produtos|f|gasto_variavel|0c00f48a-b394-4edc-b260-ab92d9df2465|Habitação|0
84d5a303-6cbb-49c3-af0b-335eb61c1c84|Luz|f|gasto_variavel|18268d6a-9b1b-4142-8185-cc0736fd4bc0|Despesas fixas|6
6817f05e-550f-4329-9b58-fbbb69d18353|Manutenção corretiva do imóvel|f|gasto_variavel|b0a9ea30-4966-454d-817a-35e9db1b220a|Investimentos|2
33961093-dcee-43d0-999e-bdbb151de304|Manutenção da Casa|f|gasto_variavel|0c00f48a-b394-4edc-b260-ab92d9df2465|Habitação|0
a97ac7ca-175a-415b-87b9-88d78a60c2f8|Manutenção de Veículos|f|gasto_variavel|b71b015f-4ef3-4f4a-be70-e60d3da88755|Transporte|0
5b1f7019-9af4-4aef-8640-c01c2acb5092|MERCADO LIVRE|f|gasto_variavel|||0
bd3f77f1-5529-4941-bc3c-3086f3d4f13d|multa de trânsito|f|despesa|||0
0b69bad3-7ca3-4b1a-af0a-60dc44dc97ea|Multas de Trânsito|f|gasto_variavel|b71b015f-4ef3-4f4a-be70-e60d3da88755|Transporte|0
b4575557-3425-4324-8baf-8d4ee898db8a|Não identificado|f|gasto_variavel|||0
548043c3-5e2b-47af-99c2-2724afd167ef|Não identificado|f|gasto_variavel|b4575557-3425-4324-8baf-8d4ee898db8a|Não identificado|1
c55bb05e-e294-4c37-bc77-c7f8de3b6590|não informado|f|gasto_variavel|b315d7ac-0cb4-4656-8a20-0397f7d3c523|não informado|1
b315d7ac-0cb4-4656-8a20-0397f7d3c523|não informado|f|gasto_variavel|||0
ecfd8e43-6f8c-468b-ba24-84cd2de71f94|Parcela imóvel casa 26|f|investimento|||0
f6411348-ceb2-4903-b214-0fffe66ea60f|Pediatra Henrique|f|gasto_variavel|||0
9a570926-911f-4c4c-b6ae-cdb466d9a2ee|Pensão Alimentícia - Erick|f|gasto_variavel|||0
2267141f-f6a7-4433-8753-dc85fe256316|Pensão Erick|f|gasto_fixo|||0
71edf3c9-29e7-4c07-bc46-3e7ede893c8c|Personal Ana|f|gasto_variavel|||0
ac164a74-1383-4525-98c5-86a7d591ee56|Personal Leila e Gilberto|f|despesa|||0
cc385251-6f76-48a8-ae38-0b91bc31d284|Plano de Saúde|f|gasto_fixo|52c7f83b-0ab8-42c8-b76e-7f6575150b48|Saúde e Bem-estar|0
85cd6b56-d655-4419-b44b-74740d5d0c6e|presentes|f|despesa|||0
79c995d3-025a-4eee-9eac-b940b9e36eb0|procuração|f|despesa|||0
59da4377-c3eb-4905-bd30-6addaf1d0f0f|Psicóloga Ana|f|gasto_variavel|||0
0be9c922-f3bf-4aeb-ab4c-4dee719942c5|Psicóloga Erick|f|gasto_variavel|||0
5e01b23d-321e-4475-aaef-9aba889fb8b4|Recarga do celular|f|gasto_variavel|||0
ed4cc45d-50fe-4e66-92fc-3201d0c0759d|Restaurante Escolar|f|gasto_variavel|||0
55589b2a-5288-4aa3-994c-298c0bc4ad3d|Restaurante Gilberto|f|despesa|||0
b56e56c6-74e7-4ade-8470-42d80aff011c|Restaurantes e Bares|f|gasto_variavel|4e453541-98a0-4bc5-bc62-2cee0b871101|Alimentação|0
ad26aeff-e33f-4b4d-bf66-7ebee89199a1|Ricardo Roberto (luminárias casa 26)|f|gasto_variavel|||0
443e948c-8090-4cff-88f4-e1299bad61b3|Roberto Jorge Imovel Manifesto|f|gasto_variavel|b0a9ea30-4966-454d-817a-35e9db1b220a|Investimentos|1
7501014c-fd8f-485d-a7f1-cb71545413cc|Sala comercial leila|f|investimento|||0
fa83ddce-4827-4243-8641-4e637c740820|salão Leila|f|despesa|||0
86d2585d-16c5-4fe7-8165-ea926d4e6418|Saúde|f|gasto_variavel|||0
e2a97da8-483c-47f5-8607-adce219b60e5|Saúde|f|gasto_variavel|bfb1f3cf-b648-4fcb-a173-117b57ceb318|Despesas com pessoal|1
52c7f83b-0ab8-42c8-b76e-7f6575150b48|Saúde e Bem-estar|f|gasto_variavel|||0
84455be3-bcb2-47f4-9538-5bf3bc15c8a7|Saúde Gilberto|f|despesa|||0
94c5115f-a918-44cc-84e1-ded52fc7e222|Saúde Henrique|f|despesa|||0
e7b42fc6-bc89-4822-a969-4eda1717e657|Saúde João Edes|f|despesa|||0
c6c8c696-666f-4ec2-9a8c-8e21e175a6ca|Saúde Leila|f|gasto_variavel|||0
64120ed2-b995-41f9-998f-849f7668ca24|Seguro de Veículos|f|gasto_fixo|b71b015f-4ef3-4f4a-be70-e60d3da88755|Transporte|0
94cff606-17ee-4cd7-b2e9-60d20e571000|Seguro Residencial|f|gasto_fixo|0c00f48a-b394-4edc-b260-ab92d9df2465|Habitação|0
e642dfc2-5ac9-4a28-b0bf-6e54a80db160|Seguros|f|gasto_variavel|||0
d216dbf3-3c43-4068-aa97-f9d6fa3b62d4|Seguros Carro|f|gasto_variavel|||0
ec73ff34-3ec3-49ab-ad33-648f6ef1f544|Silverado|f|despesa|||0
d1622e0b-8a91-4027-89c7-4dc054b5f2fd|Supermercado|f|gasto_variavel|4e453541-98a0-4bc5-bc62-2cee0b871101|Alimentação|0
c70e6146-f5b0-4063-bcee-8a5b8cded00a|tarifas|f|gasto_variavel|||0
d594905a-0379-4483-b9fb-3b855db1ef2e|Taxa de plataforma de recebimento|f|gasto_variavel|cbb13e22-c696-4234-9e17-38fdfc304a77|Despesas administrativas|2
369f97ae-8908-4445-acd6-b0d00fc146c1|Taxas administrativas diversas|f|gasto_variavel|b0a9ea30-4966-454d-817a-35e9db1b220a|Investimentos|1
22339205-7ad9-4f38-9709-785cd77a6ed5|Taxas administrativas diversas|f|gasto_variavel|cbb13e22-c696-4234-9e17-38fdfc304a77|Despesas administrativas|1
3e70c3e8-093d-4d55-be2a-82c3e7d4fabb|Taxas De Serviços Taos/Caminhonete|f|gasto_variavel|||0
b0b5816c-8e5c-442f-87c1-0a77d475d23b|Tecnologia|f|gasto_variavel|||0
b7b388dc-3ca9-49e8-a85d-8dc6ef76d8b0|Terapia|f|gasto_fixo|52c7f83b-0ab8-42c8-b76e-7f6575150b48|Saúde e Bem-estar|0
27045f51-8d51-4bec-85d0-278e1ffd4b3f|Terreno Leila Murzelo|f|investimento|||0
2d24a41d-9324-4b3f-be5b-467274ba9b80|Terreno Leila Muzelo|f|gasto_variavel|||0
b71b015f-4ef3-4f4a-be70-e60d3da88755|Transporte|f|gasto_variavel|||0
a6dc4073-3e73-4a0f-b58f-eda511ddac55|UBER|f|despesa|02cab8f4-f6f1-4a82-909c-b1c8e0df688d|UBER|0
2a54fddf-3dae-4f7d-9487-0793797b06f1|Uber e Apps|f|gasto_variavel|b71b015f-4ef3-4f4a-be70-e60d3da88755|Transporte|0
5a171302-20d0-4887-80c2-c0658c3b237f|Vacinas|f|gasto_variavel|||0
bdce4e2d-2d5e-4e2f-bcbc-99469f316424|Vestuário|f|gasto_variavel|||0
fcb2444e-9fcf-45b8-82c1-2e798e2f3edc|Viagem Beto Carreiro|f|gasto_variavel|||0
1b63a9df-92f7-4cd5-9a23-0d95f469953f|Viagens|f|despesa|||0
bb96ad7f-e108-4ea0-a3d3-58f5694ed825|Voos Gilberto|f|gasto_variavel|||0
